id;status;transaction_code;is_paid;issued_date
1;PENDING;monitor;true;2023-01-07T12:23:53
2;CANCELLED;Orchestrator North;true;2023-01-08T01:52:02
3;PENDING;Legacy;true;2023-01-07T20:10:00
4;PENDING;online Auto;false;2023-01-07T09:44:13
5;PENDING;Lek Pike;false;2023-01-07T21:46:59
6;PENDING;Legacy Account;true;2023-01-07T19:19:27
7;PAID;hack Path;true;2023-01-07T17:45:39
8;PAID;Small generate;true;2023-01-08T00:24:04
9;CANCELLED;Oro;false;2023-01-07T17:11:53
10;PENDING;Bedfordshire;false;2023-01-07T23:37:53
